{
  "Name": "KobolVCO",
  "Version": "1.0.0",
  "Factory Info": {
    "Vendor": "valen",
    "URL": "www.valen.com",
    "E-Mail": "",
    "Flags": {
      "Unicode": true,
      "Classes Discardable": false,
      "Component Non Discardable": false,
    },
  },
  "Classes": [
    {
      "CID": "ABCDEF019182FAEB56616C654B76636F",
      "Category": "Audio Module Class",
      "Name": "KobolVCO",
      "Vendor": "valen",
      "Version": "1.0.0",
      "SDKVersion": "VST 3.7.8",
      "Sub Categories": [
        "Instrument",
        "Synth",
      ],
      "Class Flags": 2,
      "Cardinality": 2147483647,
      "Snapshots": [
      ],
    },
    {
      "CID": "ABCDEF011234ABCD56616C654B76636F",
      "Category": "Component Controller Class",
      "Name": "KobolVCO",
      "Vendor": "valen",
      "Version": "1.0.0",
      "SDKVersion": "VST 3.7.8",
      "Sub Categories": [
        "Instrument",
        "Synth",
      ],
      "Class Flags": 2,
      "Cardinality": 2147483647,
      "Snapshots": [
      ],
    },
    {
      "CID": "ABCDEF01C0DEF00D56616C654B76636F",
      "Category": "Plugin Compatibility Class",
      "Name": "KobolVCO",
      "Vendor": "valen",
      "Version": "1.0.0",
      "SDKVersion": "VST 3.7.8",
      "Class Flags": 0,
      "Cardinality": 2147483647,
      "Snapshots": [
      ],
    },
  ],
}